<?xml version="1.0" encoding="utf-8" ?>
<dwsync>
<file name="listpage.php" server="accuratehitsolutions.com" local="130879764000000000" remote="131895527400000000" />
<file name="searchpanel.php" server="accuratehitsolutions.com" local="130879764000000000" remote="131895527400000000" />
<file name="searchcontrol.php" server="accuratehitsolutions.com" local="130879764000000000" remote="131895527400000000" />
<file name="searchclause.php" server="accuratehitsolutions.com" local="130879764000000000" remote="131895527400000000" />
<file name="panelsearchcontrol.php" server="accuratehitsolutions.com" local="130879764000000000" remote="131895527400000000" />
<file name="listpage_simple.php" server="accuratehitsolutions.com" local="130879764000000000" remote="131895527400000000" />
<file name="searchpanelsimple.php" server="accuratehitsolutions.com" local="130879764000000000" remote="131895527400000000" />
<file name="listpage_ajax.php" server="accuratehitsolutions.com" local="130879764000000000" remote="131895527400000000" />
<file name="listpage_embed.php" server="accuratehitsolutions.com" local="130879764000000000" remote="131895527400000000" />
<file name="listpage_lookup.php" server="accuratehitsolutions.com" local="130879764000000000" remote="131895527400000000" />
<file name="searchpanellookup.php" server="accuratehitsolutions.com" local="130879764000000000" remote="131895527400000000" />
<file name="listpage_dpinline.php" server="accuratehitsolutions.com" local="130879764000000000" remote="131895527400000000" />
<file name="listpage_dplist.php" server="accuratehitsolutions.com" local="130879764000000000" remote="131895527400000000" />
<file name="listpage_dashboard.php" server="accuratehitsolutions.com" local="130879764000000000" remote="131895527400000000" />
<file name="listpage_dpdash.php" server="accuratehitsolutions.com" local="130879764000000000" remote="131895527400000000" />
<file name="map_dashboard.php" server="accuratehitsolutions.com" local="130879764000000000" remote="131895527400000000" />
</dwsync>