<?xml version="1.0" encoding="utf-8" ?>
<dwsync>
<file name="phpfunctions.php" server="accuratehitsolutions.com" local="130879764000000000" remote="131895527400000000" />
<file name="locale.php" server="accuratehitsolutions.com" local="130879764000000000" remote="131895527400000000" />
<file name="events.php" server="accuratehitsolutions.com" local="130879764000000000" remote="131895527400000000" />
<file name="commonfunctions.php" server="accuratehitsolutions.com" local="130879764000000000" remote="131895527400000000" />
<file name="dal.php" server="accuratehitsolutions.com" local="130879764000000000" remote="131895527400000000" />
<file name="appsettings.php" server="accuratehitsolutions.com" local="130879764000000000" remote="131895527400000000" />
<file name="dbcommon.php" server="accuratehitsolutions.com" local="130879764000000000" remote="131895527400000000" />
<file name="xtempl.php" server="accuratehitsolutions.com" local="130879764000000000" remote="131895527400000000" />
<file name="deductionsarchive_variables.php" server="accuratehitsolutions.com" local="130879764000000000" remote="131895527400000000" />
<file name="lookuplinks.php" server="accuratehitsolutions.com" local="130879764000000000" remote="131895527400000000" />
<file name="deductions_settings.php" server="accuratehitsolutions.com" local="131950893071268790" remote="131950821000000000" />
</dwsync>